city,city_cn,province,lon,lat,year,data_mode,annual_precip,valid_days,dry_days,trace_days,wet_days,max_1day_precip,light_amount,moderate_amount,heavy_amount,extreme_amount,light_days,moderate_days,heavy_days,extreme_days,classified_precip,light_amount_ratio,light_day_ratio,moderate_amount_ratio,moderate_day_ratio,heavy_amount_ratio,heavy_day_ratio,extreme_amount_ratio,extreme_day_ratio,classification_coverage
Changsha,长沙,Hunan,112.9388,28.2282,2000,real_open_meteo,1887.2,366,146,0,220,75.8,467.1,808.8,288.9,322.4,152,54,9,5,1887.2,0.24751,0.690909,0.428571,0.245455,0.153084,0.040909,0.170835,0.022727,1.0
Changsha,长沙,Hunan,112.9388,28.2282,2001,real_open_meteo,1559.8,365,163,0,202,51.6,409.6,647.8,450.8,51.6,147,40,14,1,1559.8,0.262598,0.727723,0.41531,0.19802,0.289011,0.069307,0.033081,0.00495,1.0
Changsha,长沙,Hunan,112.9388,28.2282,2002,real_open_meteo,2154.3,365,130,0,235,76.8,492.0,795.2,661.2,205.9,162,50,20,3,2154.3,0.22838,0.689362,0.369122,0.212766,0.306921,0.085106,0.095576,0.012766,1.0
Changsha,长沙,Hunan,112.9388,28.2282,2003,real_open_meteo,1567.0,365,187,0,178,74.7,394.9,521.4,356.8,293.9,126,36,11,5,1567.0,0.25201,0.707865,0.332738,0.202247,0.227696,0.061798,0.187556,0.02809,1.0
Changsha,长沙,Hunan,112.9388,28.2282,2004,real_open_meteo,1532.0,366,189,0,177,75.7,332.5,743.8,265.8,189.9,120,46,8,3,1532.0,0.217037,0.677966,0.485509,0.259887,0.173499,0.045198,0.123956,0.016949,1.0
Changsha,长沙,Hunan,112.9388,28.2282,2005,real_open_meteo,1748.5,365,178,0,187,94.5,416.4,541.8,569.3,221.0,134,34,16,3,1748.5,0.238147,0.716578,0.309866,0.181818,0.325593,0.085561,0.126394,0.016043,1.0
Changsha,长沙,Hunan,112.9388,28.2282,2006,real_open_meteo,1274.3,365,186,0,179,54.5,420.7,378.3,420.8,54.5,142,24,12,1,1274.3,0.330142,0.793296,0.296869,0.134078,0.330221,0.067039,0.042769,0.005587,1.0
Changsha,长沙,Hunan,112.9388,28.2282,2007,real_open_meteo,1132.5,365,188,0,177,50.6,399.2,483.1,199.6,50.6,140,31,5,1,1132.5,0.352494,0.79096,0.426578,0.175141,0.176247,0.028249,0.04468,0.00565,1.0
Changsha,长沙,Hunan,112.9388,28.2282,2008,real_open_meteo,1241.3,366,186,0,180,128.3,327.4,401.9,324.5,187.5,144,24,10,2,1241.3,0.263756,0.8,0.323773,0.133333,0.261419,0.055556,0.151051,0.011111,1.0
Changsha,长沙,Hunan,112.9388,28.2282,2009,real_open_meteo,1292.5,365,193,0,172,57.9,353.1,506.2,213.8,219.4,130,32,6,4,1292.5,0.273191,0.755814,0.391644,0.186047,0.165416,0.034884,0.169749,0.023256,1.0
Changsha,长沙,Hunan,112.9388,28.2282,2010,real_open_meteo,1909.9,365,168,0,197,144.4,414.4,570.3,517.8,407.4,141,36,15,5,1909.9,0.216975,0.715736,0.298602,0.182741,0.271114,0.076142,0.21331,0.025381,1.0
Changsha,长沙,Hunan,112.9388,28.2282,2011,real_open_meteo,1084.2,365,205,0,160,48.8,328.3,336.1,419.8,0.0,127,21,12,0,1084.2,0.302804,0.79375,0.309998,0.13125,0.387198,0.075,0.0,0.0,1.0
Changsha,长沙,Hunan,112.9388,28.2282,2012,real_open_meteo,1946.0,366,151,0,215,97.5,414.9,791.0,495.2,244.9,148,49,15,3,1946.0,0.213207,0.688372,0.406475,0.227907,0.254471,0.069767,0.125848,0.013953,1.0
Changsha,长沙,Hunan,112.9388,28.2282,2013,real_open_meteo,1131.3,365,204,0,161,43.8,302.3,504.3,324.7,0.0,120,31,10,0,1131.3,0.267215,0.745342,0.44577,0.192547,0.287015,0.062112,0.0,0.0,1.0
Changsha,长沙,Hunan,112.9388,28.2282,2014,real_open_meteo,1714.2,365,169,0,196,59.6,401.4,656.5,484.9,171.4,135,43,15,3,1714.2,0.234162,0.688776,0.382977,0.219388,0.282872,0.076531,0.099988,0.015306,1.0
Changsha,长沙,Hunan,112.9388,28.2282,2015,real_open_meteo,1943.6,365,148,0,217,83.7,461.3,610.0,485.6,386.7,157,40,14,6,1943.6,0.237343,0.723502,0.313851,0.184332,0.249846,0.064516,0.198961,0.02765,1.0
Changsha,长沙,Hunan,112.9388,28.2282,2016,real_open_meteo,2138.2,366,162,0,204,220.9,424.6,705.5,432.1,576.0,141,45,12,6,2138.2,0.198578,0.691176,0.32995,0.220588,0.202086,0.058824,0.269385,0.029412,1.0
Changsha,长沙,Hunan,112.9388,28.2282,2017,real_open_meteo,1550.8,365,161,0,204,62.6,379.3,641.7,413.5,116.3,148,42,12,2,1550.8,0.244583,0.72549,0.413786,0.205882,0.266637,0.058824,0.074994,0.009804,1.0
Changsha,长沙,Hunan,112.9388,28.2282,2018,real_open_meteo,1231.5,365,138,0,227,57.3,550.6,523.5,100.1,57.3,188,35,3,1,1231.5,0.447097,0.828194,0.425091,0.154185,0.081283,0.013216,0.046529,0.004405,1.0
Changsha,长沙,Hunan,112.9388,28.2282,2019,real_open_meteo,1567.6,365,142,0,223,77.8,510.6,448.4,345.6,263.0,181,28,10,4,1567.6,0.325721,0.811659,0.286042,0.125561,0.220464,0.044843,0.167772,0.017937,1.0
Changsha,长沙,Hunan,112.9388,28.2282,2020,real_open_meteo,1591.7,366,147,0,219,45.3,457.4,665.8,468.5,0.0,160,44,15,0,1591.7,0.287366,0.730594,0.418295,0.200913,0.294339,0.068493,0.0,0.0,1.0
Changsha,长沙,Hunan,112.9388,28.2282,2021,real_open_meteo,1541.0,365,152,0,213,69.3,468.5,565.6,380.0,126.9,162,37,12,2,1541.0,0.304023,0.760563,0.367034,0.173709,0.246593,0.056338,0.082349,0.00939,1.0
Changsha,长沙,Hunan,112.9388,28.2282,2022,real_open_meteo,1708.1,365,177,0,188,79.1,380.3,571.0,476.7,280.1,133,37,14,4,1708.1,0.222645,0.707447,0.33429,0.196809,0.279082,0.074468,0.163983,0.021277,1.0
Changsha,长沙,Hunan,112.9388,28.2282,2023,real_open_meteo,1537.4,365,160,0,205,53.9,334.5,587.8,561.2,53.9,149,39,16,1,1537.4,0.217575,0.726829,0.382334,0.190244,0.365032,0.078049,0.035059,0.004878,1.0
Changsha,长沙,Hunan,112.9388,28.2282,2024,real_open_meteo,1821.0,366,158,0,208,98.2,397.6,464.6,513.0,445.8,155,31,16,6,1821.0,0.218342,0.745192,0.255135,0.149038,0.281713,0.076923,0.244811,0.028846,1.0
Jingzhou,荆州,Hubei,112.2397,30.3352,2000,real_open_meteo,1496.8,366,182,0,184,69.7,345.2,603.8,426.5,121.3,129,39,14,2,1496.8,0.230625,0.701087,0.403394,0.211957,0.284941,0.076087,0.08104,0.01087,1.0
Jingzhou,荆州,Hubei,112.2397,30.3352,2001,real_open_meteo,1019.5,365,208,0,157,69.4,301.2,441.0,86.5,190.8,120,31,3,3,1019.5,0.295439,0.764331,0.432565,0.197452,0.084846,0.019108,0.187151,0.019108,1.0
Jingzhou,荆州,Hubei,112.2397,30.3352,2002,real_open_meteo,1686.1,365,175,0,190,59.4,496.0,543.4,531.8,114.9,139,34,15,2,1686.1,0.29417,0.731579,0.322282,0.178947,0.315402,0.078947,0.068145,0.010526,1.0
Jingzhou,荆州,Hubei,112.2397,30.3352,2003,real_open_meteo,1473.3,365,191,0,174,138.5,380.5,362.5,377.4,352.9,134,25,11,4,1473.3,0.258264,0.770115,0.246046,0.143678,0.25616,0.063218,0.23953,0.022989,1.0
Jingzhou,荆州,Hubei,112.2397,30.3352,2004,real_open_meteo,1407.3,366,217,0,149,102.4,339.8,404.3,309.5,353.7,110,26,9,4,1407.3,0.241455,0.738255,0.287288,0.174497,0.219925,0.060403,0.251332,0.026846,1.0
Jingzhou,荆州,Hubei,112.2397,30.3352,2005,real_open_meteo,1086.6,365,211,0,154,82.1,295.3,446.1,263.1,82.1,116,30,7,1,1086.6,0.271765,0.753247,0.410547,0.194805,0.242131,0.045455,0.075557,0.006494,1.0
Jingzhou,荆州,Hubei,112.2397,30.3352,2006,real_open_meteo,787.5,365,222,0,143,29.6,397.1,303.0,87.4,0.0,122,18,3,0,787.5,0.504254,0.853147,0.384762,0.125874,0.110984,0.020979,0.0,0.0,1.0
Jingzhou,荆州,Hubei,112.2397,30.3352,2007,real_open_meteo,1130.5,365,208,0,157,68.0,298.7,490.5,210.1,131.2,115,33,7,2,1130.5,0.264219,0.732484,0.433879,0.210191,0.185847,0.044586,0.116055,0.012739,1.0
Jingzhou,荆州,Hubei,112.2397,30.3352,2008,real_open_meteo,1098.5,366,223,0,143,68.7,350.7,383.1,239.3,125.4,108,25,8,2,1098.5,0.319254,0.755245,0.348748,0.174825,0.217843,0.055944,0.114156,0.013986,1.0
Jingzhou,荆州,Hubei,112.2397,30.3352,2009,real_open_meteo,1045.5,365,207,0,158,66.0,278.8,334.6,314.5,117.6,122,24,10,2,1045.5,0.266667,0.772152,0.320038,0.151899,0.300813,0.063291,0.112482,0.012658,1.0
Jingzhou,荆州,Hubei,112.2397,30.3352,2010,real_open_meteo,1308.6,365,197,0,168,76.1,337.1,458.8,331.8,180.9,126,29,10,3,1308.6,0.257604,0.75,0.350604,0.172619,0.253553,0.059524,0.138239,0.017857,1.0
Jingzhou,荆州,Hubei,112.2397,30.3352,2011,real_open_meteo,949.7,365,236,0,129,77.3,287.0,200.3,308.6,153.8,105,12,10,2,949.7,0.302201,0.813953,0.210909,0.093023,0.324945,0.077519,0.161946,0.015504,1.0
Jingzhou,荆州,Hubei,112.2397,30.3352,2012,real_open_meteo,1342.2,366,199,0,167,131.0,386.1,335.2,313.6,307.3,133,21,10,3,1342.2,0.287662,0.796407,0.249739,0.125749,0.233646,0.05988,0.228952,0.017964,1.0
Jingzhou,荆州,Hubei,112.2397,30.3352,2013,real_open_meteo,1158.7,365,225,0,140,65.4,279.4,418.9,212.9,247.5,104,26,6,4,1158.7,0.241132,0.742857,0.361526,0.185714,0.18374,0.042857,0.213601,0.028571,1.0
Jingzhou,荆州,Hubei,112.2397,30.3352,2014,real_open_meteo,1268.1,365,193,0,172,93.7,368.2,438.6,315.0,146.3,133,28,9,2,1268.1,0.290356,0.773256,0.345872,0.162791,0.248403,0.052326,0.115369,0.011628,1.0
Jingzhou,荆州,Hubei,112.2397,30.3352,2015,real_open_meteo,1651.6,365,201,0,164,113.4,346.1,470.2,327.3,508.0,117,31,10,6,1651.6,0.209554,0.713415,0.284694,0.189024,0.198171,0.060976,0.307581,0.036585,1.0
Jingzhou,荆州,Hubei,112.2397,30.3352,2016,real_open_meteo,1423.5,366,192,0,174,53.3,366.0,472.3,531.9,53.3,126,31,16,1,1423.5,0.257113,0.724138,0.331788,0.178161,0.373656,0.091954,0.037443,0.005747,1.0
Jingzhou,荆州,Hubei,112.2397,30.3352,2017,real_open_meteo,1110.2,365,176,0,189,53.7,366.0,460.0,230.5,53.7,151,30,7,1,1110.2,0.32967,0.798942,0.41434,0.15873,0.20762,0.037037,0.04837,0.005291,1.0
Jingzhou,荆州,Hubei,112.2397,30.3352,2018,real_open_meteo,1265.6,365,181,0,184,79.5,397.5,489.9,243.4,134.8,143,32,7,2,1265.6,0.31408,0.777174,0.387089,0.173913,0.19232,0.038043,0.106511,0.01087,1.0
Jingzhou,荆州,Hubei,112.2397,30.3352,2019,real_open_meteo,912.1,365,196,0,169,84.5,354.0,269.4,152.0,136.7,144,18,5,2,912.1,0.388115,0.852071,0.295362,0.106509,0.166648,0.029586,0.149874,0.011834,1.0
Jingzhou,荆州,Hubei,112.2397,30.3352,2020,real_open_meteo,1644.7,366,175,0,191,78.6,428.6,571.9,509.8,134.4,138,36,15,2,1644.7,0.260595,0.722513,0.347723,0.188482,0.309965,0.078534,0.081717,0.010471,1.0
Jingzhou,荆州,Hubei,112.2397,30.3352,2021,real_open_meteo,1011.0,365,186,0,179,40.9,401.6,283.6,325.8,0.0,149,20,10,0,1011.0,0.39723,0.832402,0.280514,0.111732,0.322255,0.055866,0.0,0.0,1.0
Jingzhou,荆州,Hubei,112.2397,30.3352,2022,real_open_meteo,1047.1,365,196,0,169,50.7,293.1,407.6,295.7,50.7,132,28,8,1,1047.1,0.279916,0.781065,0.389266,0.16568,0.282399,0.047337,0.048419,0.005917,1.0
Jingzhou,荆州,Hubei,112.2397,30.3352,2023,real_open_meteo,1124.6,365,189,0,176,58.5,370.6,404.9,236.7,112.4,138,29,7,2,1124.6,0.329539,0.784091,0.360039,0.164773,0.210475,0.039773,0.099947,0.011364,1.0
Jingzhou,荆州,Hubei,112.2397,30.3352,2024,real_open_meteo,1160.5,366,187,0,179,95.3,347.2,467.9,250.1,95.3,142,29,7,1,1160.5,0.299181,0.793296,0.403188,0.162011,0.215511,0.039106,0.08212,0.005587,1.0
Jiujiang,九江,Jiangxi,115.9928,29.712,2000,real_open_meteo,1624.6,366,167,0,199,60.8,515.2,536.8,399.5,173.1,151,34,11,3,1624.6,0.317124,0.758794,0.33042,0.170854,0.245907,0.055276,0.106549,0.015075,1.0
Jiujiang,九江,Jiangxi,115.9928,29.712,2001,real_open_meteo,1786.4,365,176,0,189,80.6,350.8,642.4,505.5,287.7,128,41,16,4,1786.4,0.196373,0.677249,0.359606,0.216931,0.282971,0.084656,0.16105,0.021164,1.0
Jiujiang,九江,Jiangxi,115.9928,29.712,2002,real_open_meteo,2161.8,365,156,0,209,76.3,355.1,857.3,759.3,190.1,132,51,23,3,2161.8,0.164261,0.631579,0.396568,0.244019,0.351235,0.110048,0.087936,0.014354,1.0
Jiujiang,九江,Jiangxi,115.9928,29.712,2003,real_open_meteo,1716.3,365,176,0,189,168.1,394.1,612.8,381.8,327.6,136,39,11,3,1716.3,0.229622,0.719577,0.357047,0.206349,0.222455,0.058201,0.190876,0.015873,1.0
Jiujiang,九江,Jiangxi,115.9928,29.712,2004,real_open_meteo,1427.7,366,198,0,168,64.2,333.3,609.9,304.9,179.6,118,38,9,3,1427.7,0.233452,0.702381,0.427191,0.22619,0.21356,0.053571,0.125797,0.017857,1.0
Jiujiang,九江,Jiangxi,115.9928,29.712,2005,real_open_meteo,1614.8,365,179,0,186,110.4,329.4,417.6,532.3,335.5,135,30,16,5,1614.8,0.203988,0.725806,0.258608,0.16129,0.329638,0.086022,0.207766,0.026882,1.0
Jiujiang,九江,Jiangxi,115.9928,29.712,2006,real_open_meteo,1278.9,365,188,0,177,88.5,338.2,508.5,266.9,165.3,133,34,8,2,1278.9,0.264446,0.751412,0.397607,0.19209,0.208695,0.045198,0.129252,0.011299,1.0
Jiujiang,九江,Jiangxi,115.9928,29.712,2007,real_open_meteo,1170.9,365,187,0,178,37.6,359.3,497.6,314.0,0.0,136,32,10,0,1170.9,0.306858,0.764045,0.424972,0.179775,0.26817,0.05618,0.0,0.0,1.0
Jiujiang,九江,Jiangxi,115.9928,29.712,2008,real_open_meteo,1606.0,366,175,0,191,95.9,359.8,616.4,332.3,297.5,139,38,10,4,1606.0,0.224035,0.727749,0.383811,0.198953,0.206912,0.052356,0.185243,0.020942,1.0
Jiujiang,九江,Jiangxi,115.9928,29.712,2009,real_open_meteo,1274.8,365,188,0,177,75.7,353.1,403.3,333.5,184.9,137,27,10,3,1274.8,0.276985,0.774011,0.316363,0.152542,0.26161,0.056497,0.145042,0.016949,1.0
Jiujiang,九江,Jiangxi,115.9928,29.712,2010,real_open_meteo,1821.9,365,174,0,191,89.4,365.2,656.0,524.9,275.8,129,41,17,4,1821.9,0.20045,0.675393,0.360064,0.21466,0.288106,0.089005,0.15138,0.020942,1.0
Jiujiang,九江,Jiangxi,115.9928,29.712,2011,real_open_meteo,1270.3,365,197,0,168,52.7,356.9,443.9,416.8,52.7,125,30,12,1,1270.3,0.280957,0.744048,0.349445,0.178571,0.328111,0.071429,0.041486,0.005952,1.0
Jiujiang,九江,Jiangxi,115.9928,29.712,2012,real_open_meteo,1901.7,366,171,0,195,101.1,444.0,589.5,471.0,397.2,140,36,14,5,1901.7,0.233475,0.717949,0.309986,0.184615,0.247673,0.071795,0.208866,0.025641,1.0
Jiujiang,九江,Jiangxi,115.9928,29.712,2013,real_open_meteo,1428.1,365,204,0,161,120.5,281.4,597.0,302.7,247.0,113,36,9,3,1428.1,0.197045,0.701863,0.418038,0.223602,0.21196,0.055901,0.172957,0.018634,1.0
Jiujiang,九江,Jiangxi,115.9928,29.712,2014,real_open_meteo,1809.4,365,168,0,197,86.0,403.9,754.8,394.2,256.5,132,49,12,4,1809.4,0.223223,0.670051,0.417155,0.248731,0.217862,0.060914,0.14176,0.020305,1.0
Jiujiang,九江,Jiangxi,115.9928,29.712,2015,real_open_meteo,1973.4,365,167,0,198,93.2,410.7,671.7,797.8,93.2,133,40,24,1,1973.4,0.208118,0.671717,0.340377,0.20202,0.404277,0.121212,0.047228,0.005051,1.0
Jiujiang,九江,Jiangxi,115.9928,29.712,2016,real_open_meteo,1922.0,366,159,0,207,83.5,464.4,554.8,516.4,386.4,151,36,14,6,1922.0,0.241623,0.729469,0.288658,0.173913,0.268678,0.067633,0.201041,0.028986,1.0
Jiujiang,九江,Jiangxi,115.9928,29.712,2017,real_open_meteo,1683.0,365,156,0,209,148.2,432.6,584.4,401.0,265.0,158,35,13,3,1683.0,0.257041,0.755981,0.347237,0.167464,0.238265,0.062201,0.157457,0.014354,1.0
Jiujiang,九江,Jiangxi,115.9928,29.712,2018,real_open_meteo,1358.9,365,145,0,220,74.0,553.2,506.8,171.4,127.5,181,31,6,2,1358.9,0.407094,0.822727,0.372949,0.140909,0.126131,0.027273,0.093826,0.009091,1.0
Jiujiang,九江,Jiangxi,115.9928,29.712,2019,real_open_meteo,1037.7,365,163,0,202,42.7,430.0,414.8,192.9,0.0,168,28,6,0,1037.7,0.414378,0.831683,0.39973,0.138614,0.185892,0.029703,0.0,0.0,1.0
Jiujiang,九江,Jiangxi,115.9928,29.712,2020,real_open_meteo,1843.2,366,149,0,217,114.9,441.7,653.1,501.4,247.0,157,43,14,3,1843.2,0.239638,0.723502,0.354329,0.198157,0.272027,0.064516,0.134006,0.013825,1.0
Jiujiang,九江,Jiangxi,115.9928,29.712,2021,real_open_meteo,1378.9,365,164,0,201,52.2,476.7,495.9,354.1,52.2,157,32,11,1,1378.9,0.34571,0.781095,0.359634,0.159204,0.256799,0.054726,0.037856,0.004975,1.0
Jiujiang,九江,Jiangxi,115.9928,29.712,2022,real_open_meteo,1319.1,365,165,0,200,46.0,393.6,334.2,591.3,0.0,162,21,17,0,1319.1,0.298385,0.81,0.253355,0.105,0.44826,0.085,0.0,0.0,1.0
Jiujiang,九江,Jiangxi,115.9928,29.712,2023,real_open_meteo,1286.4,365,158,0,207,88.6,421.0,474.9,246.9,143.6,164,32,9,2,1286.4,0.32727,0.792271,0.36917,0.154589,0.191931,0.043478,0.111629,0.009662,1.0
Jiujiang,九江,Jiangxi,115.9928,29.712,2024,real_open_meteo,1696.7,366,151,0,215,82.4,389.4,480.9,479.2,347.2,166,30,14,5,1696.7,0.229504,0.772093,0.283433,0.139535,0.282431,0.065116,0.204633,0.023256,1.0
Nanchang,南昌,Jiangxi,115.8582,28.682,2000,real_open_meteo,1680.3,366,154,0,212,87.3,535.3,470.2,506.6,168.2,164,31,15,2,1680.3,0.318574,0.773585,0.279831,0.146226,0.301494,0.070755,0.100101,0.009434,1.0
Nanchang,南昌,Jiangxi,115.8582,28.682,2001,real_open_meteo,1543.1,365,187,0,178,50.2,395.6,707.4,339.9,100.2,121,44,11,2,1543.1,0.256367,0.679775,0.458428,0.247191,0.220271,0.061798,0.064934,0.011236,1.0
Nanchang,南昌,Jiangxi,115.8582,28.682,2002,real_open_meteo,1895.4,365,160,0,205,63.5,436.9,823.0,509.8,125.7,135,52,16,2,1895.4,0.230505,0.658537,0.434209,0.253659,0.268967,0.078049,0.066318,0.009756,1.0
Nanchang,南昌,Jiangxi,115.8582,28.682,2003,real_open_meteo,1344.8,365,200,0,165,66.1,353.6,566.1,359.0,66.1,119,34,11,1,1344.8,0.262939,0.721212,0.420955,0.206061,0.266954,0.066667,0.049152,0.006061,1.0
Nanchang,南昌,Jiangxi,115.8582,28.682,2004,real_open_meteo,1422.8,366,200,0,166,80.1,409.1,433.3,351.0,229.4,123,29,11,3,1422.8,0.287532,0.740964,0.30454,0.174699,0.246697,0.066265,0.161231,0.018072,1.0
Nanchang,南昌,Jiangxi,115.8582,28.682,2005,real_open_meteo,1768.4,365,175,0,190,102.1,349.0,571.9,237.7,609.8,140,35,7,8,1768.4,0.197354,0.736842,0.3234,0.184211,0.134415,0.036842,0.344831,0.042105,1.0
Nanchang,南昌,Jiangxi,115.8582,28.682,2006,real_open_meteo,1225.3,365,191,0,174,106.0,383.5,424.8,239.0,178.0,137,27,8,2,1225.3,0.312985,0.787356,0.346691,0.155172,0.195054,0.045977,0.145271,0.011494,1.0
Nanchang,南昌,Jiangxi,115.8582,28.682,2007,real_open_meteo,1134.1,365,202,0,163,57.9,367.4,374.6,277.9,114.2,129,24,8,2,1134.1,0.323957,0.791411,0.330306,0.147239,0.24504,0.04908,0.100697,0.01227,1.0
Nanchang,南昌,Jiangxi,115.8582,28.682,2008,real_open_meteo,1287.9,366,192,0,174,105.2,323.7,398.1,319.6,246.5,137,25,9,3,1287.9,0.251339,0.787356,0.309108,0.143678,0.248156,0.051724,0.191397,0.017241,1.0
Nanchang,南昌,Jiangxi,115.8582,28.682,2009,real_open_meteo,1292.0,365,196,0,169,80.8,319.8,521.2,230.9,220.1,126,34,6,3,1292.0,0.247523,0.745562,0.403406,0.201183,0.178715,0.035503,0.170356,0.017751,1.0
Nanchang,南昌,Jiangxi,115.8582,28.682,2010,real_open_meteo,1694.5,365,174,0,191,106.6,415.9,609.0,419.6,250.0,140,36,12,3,1694.5,0.245441,0.732984,0.359398,0.188482,0.247625,0.062827,0.147536,0.015707,1.0
Nanchang,南昌,Jiangxi,115.8582,28.682,2011,real_open_meteo,1057.4,365,207,0,158,70.1,300.5,437.1,249.7,70.1,121,29,7,1,1057.4,0.284188,0.765823,0.413372,0.183544,0.236145,0.044304,0.066295,0.006329,1.0
Nanchang,南昌,Jiangxi,115.8582,28.682,2012,real_open_meteo,1876.5,366,166,0,200,62.0,375.7,804.3,521.4,175.1,132,51,14,3,1876.5,0.200213,0.66,0.428617,0.255,0.277858,0.07,0.093312,0.015,1.0
Nanchang,南昌,Jiangxi,115.8582,28.682,2013,real_open_meteo,1373.2,365,215,0,150,77.6,301.0,535.1,338.7,198.4,104,33,10,3,1373.2,0.219196,0.693333,0.389674,0.22,0.24665,0.066667,0.14448,0.02,1.0
Nanchang,南昌,Jiangxi,115.8582,28.682,2014,real_open_meteo,1570.4,365,177,0,188,54.7,412.9,620.6,482.2,54.7,133,40,14,1,1570.4,0.262927,0.707447,0.395186,0.212766,0.307056,0.074468,0.034832,0.005319,1.0
Nanchang,南昌,Jiangxi,115.8582,28.682,2015,real_open_meteo,1849.3,365,161,0,204,61.7,468.5,747.6,513.9,119.3,142,45,15,2,1849.3,0.253339,0.696078,0.404261,0.220588,0.277889,0.073529,0.064511,0.009804,1.0
Nanchang,南昌,Jiangxi,115.8582,28.682,2016,real_open_meteo,1680.5,366,176,0,190,81.7,447.0,575.0,512.8,145.7,136,36,16,2,1680.5,0.265992,0.715789,0.34216,0.189474,0.305147,0.084211,0.0867,0.010526,1.0
Nanchang,南昌,Jiangxi,115.8582,28.682,2017,real_open_meteo,1585.8,365,180,0,185,92.0,350.6,686.8,372.7,175.7,128,44,11,2,1585.8,0.221087,0.691892,0.433094,0.237838,0.235023,0.059459,0.110796,0.010811,1.0
Nanchang,南昌,Jiangxi,115.8582,28.682,2018,real_open_meteo,1191.6,365,155,0,210,40.9,478.1,463.6,249.9,0.0,171,31,8,0,1191.6,0.401225,0.814286,0.389057,0.147619,0.209718,0.038095,0.0,0.0,1.0
Nanchang,南昌,Jiangxi,115.8582,28.682,2019,real_open_meteo,1375.6,365,176,0,189,75.4,417.8,487.1,329.6,141.1,146,31,10,2,1375.6,0.303722,0.772487,0.3541,0.164021,0.239605,0.05291,0.102573,0.010582,1.0
Nanchang,南昌,Jiangxi,115.8582,28.682,2020,real_open_meteo,1778.0,366,149,0,217,116.9,463.6,614.4,495.6,204.4,161,38,16,2,1778.0,0.260742,0.741935,0.345557,0.175115,0.27874,0.073733,0.114961,0.009217,1.0
Nanchang,南昌,Jiangxi,115.8582,28.682,2021,real_open_meteo,1550.7,365,158,0,207,78.6,461.1,506.5,334.0,249.1,164,29,10,4,1550.7,0.29735,0.792271,0.326627,0.140097,0.215387,0.048309,0.160637,0.019324,1.0
Nanchang,南昌,Jiangxi,115.8582,28.682,2022,real_open_meteo,1657.3,365,179,0,186,68.1,351.0,672.6,565.6,68.1,131,38,16,1,1657.3,0.21179,0.704301,0.405841,0.204301,0.341278,0.086022,0.041091,0.005376,1.0
Nanchang,南昌,Jiangxi,115.8582,28.682,2023,real_open_meteo,1595.8,365,167,0,198,54.1,445.6,565.6,530.5,54.1,146,35,16,1,1595.8,0.279233,0.737374,0.35443,0.176768,0.332435,0.080808,0.033901,0.005051,1.0
Nanchang,南昌,Jiangxi,115.8582,28.682,2024,real_open_meteo,1721.6,366,163,0,203,93.3,458.0,583.5,370.8,309.3,150,36,12,5,1721.6,0.266032,0.738916,0.338929,0.17734,0.215381,0.059113,0.179658,0.024631,1.0
Wuhan,武汉,Hubei,114.3054,30.5928,2000,real_open_meteo,1255.3,366,185,0,181,96.4,406.5,489.8,206.8,152.2,141,32,6,2,1255.3,0.323827,0.779006,0.390186,0.176796,0.164741,0.033149,0.121246,0.01105,1.0
Wuhan,武汉,Hubei,114.3054,30.5928,2001,real_open_meteo,952.2,365,213,0,152,52.0,274.5,433.0,192.7,52.0,116,29,6,1,952.2,0.28828,0.763158,0.454736,0.190789,0.202373,0.039474,0.05461,0.006579,1.0
Wuhan,武汉,Hubei,114.3054,30.5928,2002,real_open_meteo,2141.6,365,181,0,184,114.3,382.0,498.6,581.5,679.5,127,30,17,10,2141.6,0.178371,0.690217,0.232817,0.163043,0.271526,0.092391,0.317286,0.054348,1.0
Wuhan,武汉,Hubei,114.3054,30.5928,2003,real_open_meteo,1664.8,365,197,0,168,146.7,337.9,579.8,444.4,302.7,116,37,11,4,1664.8,0.202967,0.690476,0.34827,0.220238,0.266939,0.065476,0.181824,0.02381,1.0
Wuhan,武汉,Hubei,114.3054,30.5928,2004,real_open_meteo,1450.1,366,221,0,145,150.0,302.3,404.9,336.7,406.2,106,24,11,4,1450.1,0.208468,0.731034,0.279222,0.165517,0.232191,0.075862,0.280119,0.027586,1.0
Wuhan,武汉,Hubei,114.3054,30.5928,2005,real_open_meteo,1248.8,365,208,0,157,206.9,344.2,251.9,339.6,313.1,128,16,10,3,1248.8,0.275625,0.815287,0.201714,0.101911,0.271941,0.063694,0.250721,0.019108,1.0
Wuhan,武汉,Hubei,114.3054,30.5928,2006,real_open_meteo,913.7,365,217,0,148,49.7,267.9,468.9,176.9,0.0,113,30,5,0,913.7,0.293203,0.763514,0.513188,0.202703,0.193608,0.033784,0.0,0.0,1.0
Wuhan,武汉,Hubei,114.3054,30.5928,2007,real_open_meteo,1104.0,365,214,0,151,49.7,283.1,354.5,466.4,0.0,114,23,14,0,1104.0,0.256431,0.754967,0.321105,0.152318,0.422464,0.092715,0.0,0.0,1.0
Wuhan,武汉,Hubei,114.3054,30.5928,2008,real_open_meteo,1137.7,366,214,0,152,68.8,322.3,434.3,312.3,68.8,115,28,8,1,1137.7,0.283291,0.756579,0.381735,0.184211,0.274501,0.052632,0.060473,0.006579,1.0
Wuhan,武汉,Hubei,114.3054,30.5928,2009,real_open_meteo,1047.5,365,213,0,152,58.9,331.3,344.7,255.7,115.8,120,22,8,2,1047.5,0.316277,0.789474,0.329069,0.144737,0.244105,0.052632,0.110549,0.013158,1.0
Wuhan,武汉,Hubei,114.3054,30.5928,2010,real_open_meteo,1575.2,365,189,0,176,100.8,319.2,500.5,536.1,219.4,127,31,15,3,1575.2,0.202641,0.721591,0.317737,0.176136,0.340338,0.085227,0.139284,0.017045,1.0
Wuhan,武汉,Hubei,114.3054,30.5928,2011,real_open_meteo,1227.2,365,226,0,139,130.6,286.3,268.6,326.4,345.9,110,17,9,3,1227.2,0.233295,0.791367,0.218872,0.122302,0.265971,0.064748,0.281861,0.021583,1.0
Wuhan,武汉,Hubei,114.3054,30.5928,2012,real_open_meteo,1269.5,366,196,0,170,82.9,361.9,340.6,401.4,165.6,133,23,12,2,1269.5,0.285073,0.782353,0.268295,0.135294,0.316187,0.070588,0.130445,0.011765,1.0
Wuhan,武汉,Hubei,114.3054,30.5928,2013,real_open_meteo,1155.4,365,225,0,140,73.3,261.0,443.1,320.5,130.8,101,28,9,2,1155.4,0.225896,0.721429,0.383504,0.2,0.277393,0.064286,0.113208,0.014286,1.0
Wuhan,武汉,Hubei,114.3054,30.5928,2014,real_open_meteo,1526.3,365,204,0,161,84.5,300.9,567.4,440.0,218.0,111,34,13,3,1526.3,0.197143,0.689441,0.371749,0.21118,0.288279,0.080745,0.142829,0.018634,1.0
Wuhan,武汉,Hubei,114.3054,30.5928,2015,real_open_meteo,1482.2,365,196,0,169,70.0,358.0,408.8,527.7,187.7,124,26,16,3,1482.2,0.241533,0.733728,0.275806,0.153846,0.356025,0.094675,0.126636,0.017751,1.0
Wuhan,武汉,Hubei,114.3054,30.5928,2016,real_open_meteo,1690.1,366,189,0,177,67.3,386.6,515.6,607.8,180.1,127,30,17,3,1690.1,0.228744,0.717514,0.305071,0.169492,0.359624,0.096045,0.106562,0.016949,1.0
Wuhan,武汉,Hubei,114.3054,30.5928,2017,real_open_meteo,1326.7,365,168,0,197,137.7,428.1,351.9,351.0,195.7,162,22,11,2,1326.7,0.32268,0.822335,0.265245,0.111675,0.264566,0.055838,0.147509,0.010152,1.0
Wuhan,武汉,Hubei,114.3054,30.5928,2018,real_open_meteo,1171.3,365,166,0,199,44.8,445.4,413.3,312.6,0.0,163,27,9,0,1171.3,0.380261,0.819095,0.352856,0.135678,0.266883,0.045226,0.0,0.0,1.0
Wuhan,武汉,Hubei,114.3054,30.5928,2019,real_open_meteo,803.4,365,201,0,164,52.4,320.6,275.9,154.5,52.4,140,18,5,1,803.4,0.399054,0.853659,0.343415,0.109756,0.192308,0.030488,0.065223,0.006098,1.0
Wuhan,武汉,Hubei,114.3054,30.5928,2020,real_open_meteo,2024.2,366,172,0,194,157.6,356.1,577.8,490.6,599.7,138,36,14,6,2024.2,0.175921,0.71134,0.285446,0.185567,0.242367,0.072165,0.296265,0.030928,1.0
Wuhan,武汉,Hubei,114.3054,30.5928,2021,real_open_meteo,1331.9,365,183,0,182,89.3,379.7,335.3,347.9,269.0,145,22,11,4,1331.9,0.285081,0.796703,0.251746,0.120879,0.261206,0.06044,0.201967,0.021978,1.0
Wuhan,武汉,Hubei,114.3054,30.5928,2022,real_open_meteo,1177.4,365,199,0,166,56.1,275.8,385.9,408.0,107.7,127,25,12,2,1177.4,0.234245,0.76506,0.327756,0.150602,0.346526,0.072289,0.091473,0.012048,1.0
Wuhan,武汉,Hubei,114.3054,30.5928,2023,real_open_meteo,1397.0,365,177,0,188,83.6,366.0,376.7,448.9,205.4,147,25,13,3,1397.0,0.26199,0.781915,0.269649,0.132979,0.321331,0.069149,0.147029,0.015957,1.0
Wuhan,武汉,Hubei,114.3054,30.5928,2024,real_open_meteo,1333.7,366,194,0,172,125.8,355.5,411.5,241.8,324.9,136,25,7,4,1333.7,0.266552,0.790698,0.30854,0.145349,0.1813,0.040698,0.243608,0.023256,1.0
Yichang,宜昌,Hubei,111.2864,30.6919,2000,real_open_meteo,1421.6,366,170,0,196,94.6,473.2,438.5,301.9,208.0,155,29,9,3,1421.6,0.332864,0.790816,0.308455,0.147959,0.212366,0.045918,0.146314,0.015306,1.0
Yichang,宜昌,Hubei,111.2864,30.6919,2001,real_open_meteo,930.5,365,190,0,175,48.7,386.1,417.1,127.3,0.0,146,26,3,0,930.5,0.414938,0.834286,0.448254,0.148571,0.136808,0.017143,0.0,0.0,1.0
Yichang,宜昌,Hubei,111.2864,30.6919,2002,real_open_meteo,1468.5,365,157,0,208,49.5,410.3,693.0,365.2,0.0,154,44,10,0,1468.5,0.279401,0.740385,0.47191,0.211538,0.248689,0.048077,0.0,0.0,1.0
Yichang,宜昌,Hubei,111.2864,30.6919,2003,real_open_meteo,1276.6,365,164,0,201,83.0,436.9,362.9,328.9,147.9,165,24,10,2,1276.6,0.342237,0.820896,0.284271,0.119403,0.257637,0.049751,0.115855,0.00995,1.0
Yichang,宜昌,Hubei,111.2864,30.6919,2004,real_open_meteo,1169.7,366,191,0,175,66.5,411.7,224.8,232.7,300.5,147,17,6,5,1169.7,0.351971,0.84,0.192186,0.097143,0.19894,0.034286,0.256903,0.028571,1.0
Yichang,宜昌,Hubei,111.2864,30.6919,2005,real_open_meteo,820.3,365,180,0,185,63.8,390.0,304.8,61.7,63.8,163,19,2,1,820.3,0.475436,0.881081,0.371571,0.102703,0.075216,0.010811,0.077776,0.005405,1.0
Yichang,宜昌,Hubei,111.2864,30.6919,2006,real_open_meteo,761.2,365,187,0,178,47.1,359.3,323.8,78.1,0.0,155,21,2,0,761.2,0.472018,0.870787,0.425381,0.117978,0.102601,0.011236,0.0,0.0,1.0
Yichang,宜昌,Hubei,111.2864,30.6919,2007,real_open_meteo,1298.5,365,192,0,173,180.7,344.4,399.0,207.9,347.2,137,26,7,3,1298.5,0.265229,0.791908,0.307278,0.150289,0.160108,0.040462,0.267385,0.017341,1.0
Yichang,宜昌,Hubei,111.2864,30.6919,2008,real_open_meteo,1241.4,366,198,0,168,125.0,389.5,271.9,294.5,285.5,138,17,9,4,1241.4,0.313759,0.821429,0.219027,0.10119,0.237232,0.053571,0.229982,0.02381,1.0
Yichang,宜昌,Hubei,111.2864,30.6919,2009,real_open_meteo,1042.9,365,188,0,177,67.7,407.1,256.9,261.2,117.7,151,17,7,2,1042.9,0.390354,0.853107,0.246332,0.096045,0.250455,0.039548,0.112858,0.011299,1.0
Yichang,宜昌,Hubei,111.2864,30.6919,2010,real_open_meteo,1240.8,365,182,0,183,85.5,326.9,500.6,271.6,141.7,140,33,8,2,1240.8,0.263459,0.765027,0.403449,0.180328,0.218891,0.043716,0.114201,0.010929,1.0
Yichang,宜昌,Hubei,111.2864,30.6919,2011,real_open_meteo,926.4,365,220,0,145,92.4,312.0,171.4,350.6,92.4,120,14,10,1,926.4,0.336788,0.827586,0.185017,0.096552,0.378454,0.068966,0.099741,0.006897,1.0
Yichang,宜昌,Hubei,111.2864,30.6919,2012,real_open_meteo,882.2,366,176,0,190,94.0,410.6,183.2,194.4,94.0,171,13,5,1,882.2,0.465427,0.9,0.207663,0.068421,0.220358,0.026316,0.106552,0.005263,1.0
Yichang,宜昌,Hubei,111.2864,30.6919,2013,real_open_meteo,1080.5,365,205,0,160,90.7,304.8,345.4,239.3,191.0,128,23,6,3,1080.5,0.282092,0.8,0.319667,0.14375,0.221472,0.0375,0.17677,0.01875,1.0
Yichang,宜昌,Hubei,111.2864,30.6919,2014,real_open_meteo,1131.2,365,185,0,180,62.8,315.1,529.4,223.9,62.8,138,34,7,1,1131.2,0.278554,0.766667,0.467999,0.188889,0.197931,0.038889,0.055516,0.005556,1.0
Yichang,宜昌,Hubei,111.2864,30.6919,2015,real_open_meteo,1010.5,365,184,0,181,73.9,374.4,412.1,150.1,73.9,148,27,5,1,1010.5,0.37051,0.81768,0.407818,0.149171,0.14854,0.027624,0.073132,0.005525,1.0
Yichang,宜昌,Hubei,111.2864,30.6919,2016,real_open_meteo,1381.3,366,188,0,178,91.3,378.6,510.5,295.9,196.3,135,31,9,3,1381.3,0.27409,0.758427,0.369579,0.174157,0.214218,0.050562,0.142113,0.016854,1.0
Yichang,宜昌,Hubei,111.2864,30.6919,2017,real_open_meteo,1209.9,365,187,0,178,44.1,396.4,424.3,389.2,0.0,140,26,12,0,1209.9,0.32763,0.786517,0.35069,0.146067,0.321679,0.067416,0.0,0.0,1.0
Yichang,宜昌,Hubei,111.2864,30.6919,2018,real_open_meteo,1289.0,365,172,0,193,142.7,407.9,415.3,264.1,201.7,156,28,7,2,1289.0,0.316447,0.80829,0.322188,0.145078,0.204888,0.036269,0.156478,0.010363,1.0
Yichang,宜昌,Hubei,111.2864,30.6919,2019,real_open_meteo,774.2,365,188,0,177,29.9,328.7,415.6,29.9,0.0,149,27,1,0,774.2,0.424567,0.841808,0.536812,0.152542,0.038621,0.00565,0.0,0.0,1.0
Yichang,宜昌,Hubei,111.2864,30.6919,2020,real_open_meteo,1610.0,366,175,0,191,64.0,439.8,430.3,508.4,231.5,146,27,14,4,1610.0,0.273168,0.764398,0.267267,0.141361,0.315776,0.073298,0.143789,0.020942,1.0
Yichang,宜昌,Hubei,111.2864,30.6919,2021,real_open_meteo,1063.9,365,184,0,181,41.8,393.5,353.3,317.1,0.0,146,25,10,0,1063.9,0.369866,0.80663,0.33208,0.138122,0.298054,0.055249,0.0,0.0,1.0
Yichang,宜昌,Hubei,111.2864,30.6919,2022,real_open_meteo,1043.1,365,193,0,172,41.9,367.6,398.4,277.1,0.0,139,25,8,0,1043.1,0.352411,0.80814,0.381938,0.145349,0.26565,0.046512,0.0,0.0,1.0
Yichang,宜昌,Hubei,111.2864,30.6919,2023,real_open_meteo,1335.2,365,191,0,174,109.8,326.7,459.8,304.7,244.0,132,30,9,3,1335.2,0.244682,0.758621,0.344368,0.172414,0.228206,0.051724,0.182744,0.017241,1.0
Yichang,宜昌,Hubei,111.2864,30.6919,2024,real_open_meteo,951.3,366,182,0,184,45.9,346.3,347.6,257.4,0.0,155,21,8,0,951.3,0.364028,0.842391,0.365395,0.11413,0.270577,0.043478,0.0,0.0,1.0
Yueyang,岳阳,Hunan,113.1289,29.3571,2000,real_open_meteo,1688.0,366,161,0,205,64.6,449.6,602.3,511.3,124.8,149,38,16,2,1688.0,0.266351,0.726829,0.356813,0.185366,0.302903,0.078049,0.073934,0.009756,1.0
Yueyang,岳阳,Hunan,113.1289,29.3571,2001,real_open_meteo,1345.7,365,185,0,180,58.8,365.0,512.7,303.4,164.6,137,31,9,3,1345.7,0.271234,0.761111,0.380991,0.172222,0.225459,0.05,0.122316,0.016667,1.0
Yueyang,岳阳,Hunan,113.1289,29.3571,2002,real_open_meteo,2291.5,365,150,0,215,99.3,425.3,837.7,704.5,324.0,137,53,20,5,2291.5,0.185599,0.637209,0.365568,0.246512,0.307441,0.093023,0.141392,0.023256,1.0
Yueyang,岳阳,Hunan,113.1289,29.3571,2003,real_open_meteo,1575.9,365,179,0,186,55.2,372.5,649.5,498.7,55.2,131,40,14,1,1575.9,0.236373,0.704301,0.412145,0.215054,0.316454,0.075269,0.035028,0.005376,1.0
Yueyang,岳阳,Hunan,113.1289,29.3571,2004,real_open_meteo,1417.8,366,196,0,170,59.6,336.8,396.3,625.1,59.6,125,26,18,1,1417.8,0.237551,0.735294,0.279518,0.152941,0.440894,0.105882,0.042037,0.005882,1.0
Yueyang,岳阳,Hunan,113.1289,29.3571,2005,real_open_meteo,1534.0,365,184,0,181,89.2,416.0,376.4,422.1,319.5,141,23,12,5,1534.0,0.271186,0.779006,0.245372,0.127072,0.275163,0.066298,0.208279,0.027624,1.0
Yueyang,岳阳,Hunan,113.1289,29.3571,2006,real_open_meteo,1101.2,365,207,0,158,67.0,376.6,361.7,295.9,67.0,125,23,9,1,1101.2,0.341991,0.791139,0.32846,0.14557,0.268707,0.056962,0.060843,0.006329,1.0
Yueyang,岳阳,Hunan,113.1289,29.3571,2007,real_open_meteo,1083.7,365,193,0,172,44.7,414.2,393.8,275.7,0.0,138,26,8,0,1083.7,0.382209,0.802326,0.363385,0.151163,0.254406,0.046512,0.0,0.0,1.0
Yueyang,岳阳,Hunan,113.1289,29.3571,2008,real_open_meteo,1206.3,366,193,0,173,82.7,311.0,493.2,319.4,82.7,131,32,9,1,1206.3,0.257813,0.757225,0.408854,0.184971,0.264777,0.052023,0.068557,0.00578,1.0
Yueyang,岳阳,Hunan,113.1289,29.3571,2009,real_open_meteo,1145.2,365,191,0,174,60.4,362.1,426.6,296.1,60.4,135,29,9,1,1145.2,0.316189,0.775862,0.372511,0.166667,0.258557,0.051724,0.052742,0.005747,1.0
Yueyang,岳阳,Hunan,113.1289,29.3571,2010,real_open_meteo,1668.8,365,185,0,180,60.4,431.9,547.3,518.7,170.9,127,34,16,3,1668.8,0.258809,0.705556,0.32796,0.188889,0.310822,0.088889,0.102409,0.016667,1.0
Yueyang,岳阳,Hunan,113.1289,29.3571,2011,real_open_meteo,1025.9,365,214,0,151,63.6,300.8,409.8,190.9,124.4,120,24,5,2,1025.9,0.293206,0.794702,0.399454,0.15894,0.186081,0.033113,0.121259,0.013245,1.0
Yueyang,岳阳,Hunan,113.1289,29.3571,2012,real_open_meteo,1565.7,366,172,0,194,71.3,404.9,572.7,451.1,137.0,142,37,13,2,1565.7,0.258606,0.731959,0.365779,0.190722,0.288114,0.06701,0.087501,0.010309,1.0
Yueyang,岳阳,Hunan,113.1289,29.3571,2013,real_open_meteo,1153.0,365,218,0,147,75.7,323.3,529.3,224.7,75.7,106,33,7,1,1153.0,0.280399,0.721088,0.459063,0.22449,0.194883,0.047619,0.065655,0.006803,1.0
Yueyang,岳阳,Hunan,113.1289,29.3571,2014,real_open_meteo,1766.5,365,184,0,181,90.8,467.7,585.5,400.9,312.4,129,37,11,4,1766.5,0.264761,0.712707,0.331446,0.20442,0.226946,0.060773,0.176847,0.022099,1.0
Yueyang,岳阳,Hunan,113.1289,29.3571,2015,real_open_meteo,1717.9,365,172,0,193,73.8,389.7,570.4,456.3,301.5,141,34,13,5,1717.9,0.226847,0.73057,0.332033,0.176166,0.265615,0.067358,0.175505,0.025907,1.0
Yueyang,岳阳,Hunan,113.1289,29.3571,2016,real_open_meteo,1874.5,366,185,0,181,132.5,408.8,545.5,504.4,415.8,124,34,17,6,1874.5,0.218085,0.685083,0.291011,0.187845,0.269085,0.093923,0.221819,0.033149,1.0
Yueyang,岳阳,Hunan,113.1289,29.3571,2017,real_open_meteo,1593.5,365,163,0,202,96.2,395.7,429.0,222.9,545.9,160,27,7,8,1593.5,0.248321,0.792079,0.269219,0.133663,0.139881,0.034653,0.342579,0.039604,1.0
Yueyang,岳阳,Hunan,113.1289,29.3571,2018,real_open_meteo,1290.2,365,149,0,216,44.4,514.2,496.6,279.4,0.0,176,31,9,0,1290.2,0.398543,0.814815,0.384902,0.143519,0.216556,0.041667,0.0,0.0,1.0
Yueyang,岳阳,Hunan,113.1289,29.3571,2019,real_open_meteo,1081.3,365,178,0,187,42.8,505.8,343.4,232.1,0.0,158,22,7,0,1081.3,0.46777,0.84492,0.317581,0.117647,0.214649,0.037433,0.0,0.0,1.0
Yueyang,岳阳,Hunan,113.1289,29.3571,2020,real_open_meteo,1811.4,366,159,0,207,71.6,418.0,724.3,371.6,297.5,145,47,10,5,1811.4,0.230761,0.700483,0.399856,0.227053,0.205145,0.048309,0.164238,0.024155,1.0
Yueyang,岳阳,Hunan,113.1289,29.3571,2021,real_open_meteo,1458.6,365,170,0,195,66.9,426.1,529.0,379.8,123.7,147,34,12,2,1458.6,0.292129,0.753846,0.362677,0.174359,0.260387,0.061538,0.084807,0.010256,1.0
Yueyang,岳阳,Hunan,113.1289,29.3571,2022,real_open_meteo,1279.5,365,190,0,175,56.7,369.0,520.1,232.0,158.4,134,32,6,3,1279.5,0.288394,0.765714,0.406487,0.182857,0.181321,0.034286,0.123798,0.017143,1.0
Yueyang,岳阳,Hunan,113.1289,29.3571,2023,real_open_meteo,1180.8,365,175,0,190,49.4,342.7,469.9,368.2,0.0,148,32,10,0,1180.8,0.290227,0.778947,0.397951,0.168421,0.311822,0.052632,0.0,0.0,1.0
Yueyang,岳阳,Hunan,113.1289,29.3571,2024,real_open_meteo,1588.0,366,166,0,200,83.2,376.5,479.9,291.3,440.3,155,30,8,7,1588.0,0.237091,0.775,0.302204,0.15,0.183438,0.04,0.277267,0.035,1.0
